区,総人口,高齢者人口(65+),高齢化率(%),若年人口(0-14),AED設置数,24時間AED,人口/AED,高齢者/AED,高齢化率_norm,人口AED比_norm,高齢者AED比_norm,リスクスコア,現在の高齢者/AED,推奨追加AED
川崎区,232965,44264,19.0,24818,210,182,1109,211,88.57142857142856,0.0,0.0,26.6,211,0
幸区,171119,30996,18.1,22919,101,88,1694,307,75.71428571428572,46.725239616613415,44.85981308411215,54.7,307,0
中原区,263683,33741,12.8,34081,157,137,1680,215,0.0,45.60702875399361,1.8691588785046727,14.4,215,0
高津区,234328,37301,15.9,29342,149,119,1573,250,44.28571428571428,37.06070287539936,18.22429906542056,31.7,250,0
宮前区,233728,42052,18.0,31932,99,88,2361,425,74.28571428571428,100.0,100.0,92.3,425,0
多摩区,221734,36522,16.5,23447,120,104,1848,304,52.85714285714285,59.02555910543131,43.45794392523364,50.9,304,0
麻生区,180705,35753,19.8,23039,100,88,1807,358,100.0,55.75079872204473,68.69158878504673,74.2,358,0
